Haydn - Harmoniemesse - Agnus Dei - SATB	W1QMDDZ4Pcg
Haydn - Harmoniemesse - Agnus Dei - Bass	7WWeRG-pHro
Haydn - Harmoniemesse - Agnus Dei - Tenor	kziQWSy5xIE
Haydn - Harmoniemesse - Agnus Dei - Alto	IMic5VnQ6Ks
Haydn - Harmoniemesse - Agnus Dei - Soprano	EmqtjYQ3Zhc
Adam - O Holy Night (For choir) - Soprano	wc-Xy2G_O28
Haydn - Harmoniemesse - Gloria - SATB	UgwpFKJaDJw
Haydn - Harmoniemesse - Gloria - Bass	AKRausmzcfM
Haydn - Harmoniemesse - Gloria - Tenor	MNEdh3Q8RjQ
Haydn - Harmoniemesse - Gloria - Alto	ER9orJYMBSo
Haydn - Harmoniemesse - Gloria - Soprano	lFlDaNtUu-I
Adam - O Holy Night (For choir) - SATB	sr9mZ6H1mNg
Adam - O Holy Night (For choir) - Bass	0Lf-vsYtAOk
Adam - O Holy Night (For choir) - Tenor	ZJwMcFM2msc
Adam - O Holy Night (For choir) - Alto	uiaSvhoa4KY
Mozart - Laudate Dominum - SATB	lXA9TMGAA0s
Mozart - Laudate Dominum - Bass	LqBav0E4jDI
Mozart - Laudate Dominum - Tenor	UKw2s81opB4
Mozart - Laudate Dominum - Alto	-R9QXqoNLQg
Mozart - Laudate Dominum - Soprano2	ldonpfbUMbg
Mozart - Laudate Dominum - Soprano1	MOAyxGs_pV8
Hark! The Herald Angels Sing - Descant	ze6ndcoVAeI
Byrd - Ave Verum Corpus - SATB	iN3gD6xOUsw
Byrd - Ave Verum Corpus - Bass	8BO3kA_9R4U
Byrd - Ave Verum Corpus - Tenor	FnsdhGdtu0w
Byrd - Ave Verum Corpus - Alto	ldqy_ES0WjA
Byrd - Ave Verum Corpus - Soprano	OUQrEDmBFlQ
Byrd - Ave Verum Corpus - Soprano	GjQ6DAAJVjE
Saint-Saens - Oratorio de Noel - Tollite - SATB	pTwjffEOQi0
Saint-Saens - Oratorio de Noel - Tollite - Bass	jiF_7PcddbM
Saint-Saens - Oratorio de Noel - Tollite - Tenor	R-Hoso94UDs
Saint-Saens - Oratorio de Noel - Tollite - Alto	NqmlbQwK-EI
Saint-Saens - Oratorio de Noel - Tollite - Soprano	4FHP2wfLbt0
Saint-Saens - Oratorio de Noel - Consurge - SATB	tok3-gLTkuk
Saint-Saens - Oratorio de Noel - Consurge - Bass	wKTs5etpUk4
Saint-Saens - Oratorio de Noel - Consurge - Tenor	EfgA6A-E2kM
Saint-Saens - Oratorio de Noel - Consurge - Alto	Wt0uyQaVS8M
Saint-Saens - Oratorio de Noel - Consurge - Soprano2	XVC3PjQjSXE
Saint-Saens - Oratorio de Noel - Consurge - Soprano1	RkiFqOFv3zQ
Saint-Saens - Oratorio de Noel - Alleluia - Quartet	AFZtSZSP2z8
Saint-Saens - Oratorio de Noel - Tecum - Trio	D4_mLVZOmZI
Saint-Saens - Oratorio de Noel - Quare - SATB	nKGvBQvcviw
Saint-Saens - Oratorio de Noel - Quare - Bass	_gwo8scR3zw
Saint-Saens - Oratorio de Noel - Quare - Tenor	YE1ErlWdmYc
Saint-Saens - Oratorio de Noel - Quare - Alto	AlGhkzSPZHQ
Saint-Saens - Oratorio de Noel - Quare - Soprano	XYhKrxciDcg
Saint-Saens - Oratorio de Noel - Benedictus - Duet	3QfeNC4xvKk
Saint-Saens - Oratorio de Noel - Domine - SATB	l4q7pOzLi-E
Saint-Saens - Oratorio de Noel - Domine - Tenor	pJmjAVBUF4c
Saint-Saens - Oratorio de Noel - Domine - Alto2	EnfjuKYRBeY
Saint-Saens - Oratorio de Noel - Domine - Alto1	Im6ivEKY9mo
Saint-Saens - Oratorio de Noel - Domine - Soprano2	taYFHC_ETG0
Saint-Saens - Oratorio de Noel - Domine - Soprano1	W9K02ON6ywg
Saint-Saens - Oratorio de Noel - Expectans - Soprano	GVN_SjqaJxc
Saint-Saens - Oratorio de Noel - Et pastores - SATB	LKjDi2IU4d0
Saint-Saens - Oratorio de Noel - Et pastores - Bass	niISHkRPwg0
Saint-Saens - Oratorio de Noel - Et pastores - Tenor	niYHP_rO0hg
Saint-Saens - Oratorio de Noel - Et pastores - Alto	bAc_0QQ1vQU
Saint-Saëns - Oratorio de Noël - Et pastores - Soprano	ElASKUQJR2s
Saint-Saëns - Oratorio de Noël - Prelude	_p7XJNjWLqQ
Ives - Listen Sweet Dove - SATB	BQepitx9BSI
Ives - Listen Sweet Dove - Bass	20dnIHqsb2Q
Ives - Listen Sweet Dove - Tenor	8odgVFkNAAw
Ives - Listen Sweet Dove - Alto	0mekAJHn5HQ
Ives - Listen Sweet Dove - Soprano	JXb2dzOcqPQ
Tipping - Missa Christum Regem Adoremus - Agnus Dei - SATB	KbX70hO0urE
Tipping - Missa Christum Regem Adoremus - Agnus Dei - Bass	rpxrgEDzZCg
Tipping - Missa Christum Regem Adoremus - Agnus Dei - Tenor	1RCDQ9Bb0Pw
Tipping - Missa Christum Regem Adoremus - Agnus Dei - Alto	xMSSM3H2F0w
Tipping - Missa Christum Regem Adoremus - Agnus Dei - Soprano	JTncK0NbyYk
Tipping - Missa Christum Regem Adoremus - Agnus Dei - Soprano	ZAC80cXvC4E
Tipping - Missa Christum Regem Adoremus - Gloria - SATB	gGOMZq0_iD8
Tipping - Missa Christum Regem Adoremus - Gloria - Bass2	nVgv4B8PU3U
Tipping - Missa Christum Regem Adoremus - Gloria - Bass1	u7IIiTnH1uI
Tipping - Missa Christum Regem Adoremus - Gloria - Tenor2	hFhrhZovu4I
Tipping - Missa Christum Regem Adoremus - Gloria - Tenor1	HiTU-EBVkPk
Tipping - Missa Christum Regem Adoremus - Gloria - Alto2	PlMI-Uft4sw
Tipping - Missa Christum Regem Adoremus - Gloria - Alto1	BB5dLMzSpdw
Tipping - Missa Christum Regem Adoremus - Gloria - Soprano2	VkYOjToPFRI
Tipping - Missa Christum Regem Adoremus - Gloria - Soprano1	IJoNsPikWIo
Tipping - Missa Christum Regem Adoremus - Kyrie - SATB	GibAPaG0h80
Tipping - Missa Christum Regem Adoremus - Kyrie - Bass	hz40ZT9U1gs
Tipping - Missa Christum Regem Adoremus - Kyrie - Tenor	-8ifMKXrxvQ
Tipping - Missa Christum Regem Adoremus - Kyrie - Alto	hsj5_eaoCBA
Tipping - Missa Christum Regem Adoremus - Kyrie - Soprano	Td5m0uGvYKY
Howells - Like As The Hart - SATB	0_DnqBaWTd8
Howells - Like As The Hart - Bass	LbUxxE-K5o8
Howells - Like As The Hart - Tenor	enJAIOh73eo
Howells - Like As The Hart - Alto	8OG0y5H0AqU
Howells - Like As The Hart - Soprano2	igZh7iQmhgs
Howells - Like As The Hart - Soprano1	ABKU3R--vP0
Elgar - Ave Verum - SATB	0HNXBdo1g2Y
Elgar - Ave Verum - Bass	aMaSqDQojyM
Elgar - Ave Verum - Tenor	ayFxrSGyRxU
Elgar - Ave Verum - Alto	MBlr-vOf1gI
Elgar - Ave Verum - Soprano	KITh0fWLaYQ
Haydn - Missa Brevis - Gloria(orig) - SATB	n2wVc5TsCMI
Haydn - Missa Brevis - Gloria(orig) - Bass	isgS0f3M1Y0
Haydn - Missa Brevis - Gloria(orig) - Tenor	cc4mn2MOzK0
Haydn - Missa Brevis - Gloria(orig) - Alto	9Zfo8a1kuow
Haydn - Missa Brevis - Gloria(orig) - Soprano	DM6a8jIquKA
Handel - Messiah - 44 Hallelujah - SATB	ehPgotqOvi4
Handel - Messiah - 44 Hallelujah - Bass	jYHUY46Z3Rc
Handel - Messiah - 44 Hallelujah - Tenor	Gqb7FmMjReE
Handel - Messiah - 44 Hallelujah - Alto	fH7oFHmGhh4
Handel - Messiah - 44 Hallelujah - Soprano	0m9E8F398NU
Handel - Messiah - 51 But thanks be to God - SATB	E6XUxhjxYUM
Handel - Messiah - 51 But thanks be to God - Bass	BnJx1fMuwS8
Handel - Messiah - 51 But thanks be to God - Tenor	MRw4KD6qdH0
Handel - Messiah - 51 But thanks be to God - Alto	0rDHhz8tCwI
Handel - Messiah - 51 But thanks be to God - Soprano	X4LZnxqzips
Handel - Messiah - 39 Their Sound Is Gone Out - SATB	uTifBnxozHI
Handel - Messiah - 39 Their Sound Is Gone Out - Bass	PVmoJRy4C8A
Handel - Messiah - 39 Their Sound Is Gone Out - Tenor	eajtn63YjMI
Handel - Messiah - 39 Their Sound Is Gone Out - Alto	sk9tyJtON_g
Handel - Messiah - 39 Their Sound Is Gone Out - Soprano	63xaq_qpwbs
Tallis - If Ye Love Me - SATB	ZhcmvDGQtgY
Tallis - If Ye Love Me - Bass	t91G5Hd52e4
Tallis - If Ye Love Me - Tenor	CYvGZBXXNKo
Tallis - If Ye Love Me - Alto	1JBwJNk9c28
Tallis - If Ye Love Me - Soprano	RnnbVw5X73Y
Haydn - Missa Brevis - Agnus Dei - SATB	Yyk-OSnEpbA
Haydn - Missa Brevis - Agnus Dei - Bass	pON84X-7YaQ
Haydn - Missa Brevis - Agnus Dei - Tenor	slZHxJ5tcXg
Haydn - Missa Brevis - Agnus Dei - Alto	SHhXO1Oo2HY
Haydn - Missa Brevis - Agnus Dei - Soprano	L9F43SRmVQA
Haydn - Missa Brevis - Benedictus - SATB	fVBD2ocKSeY
Haydn - Missa Brevis - Benedictus - Bass	2gQto0rarQU
Haydn - Missa Brevis - Benedictus - Tenor	X-BOaJbjbv8
Haydn - Missa Brevis - Benedictus - Alto	PhfK3V7q5fY
Haydn - Missa Brevis - Benedictus - Soprano	BqsQRvk2Uy4
Haydn - Missa Brevis - Sanctus - SATB	tqvVhUMA3zQ
Haydn - Missa Brevis - Sanctus - Bass	C1QJtChLZCg
Haydn - Missa Brevis - Sanctus - Tenor	UL5mKzzzW_c
Haydn - Missa Brevis - Sanctus - Alto	KGoa7Dx6ies
Haydn - Missa Brevis - Sanctus - Soprano	DuL8N5lWOj8
Haydn - Missa Brevis - Gloria - SATB	HlN8V3lyLyc
Haydn - Missa Brevis - Gloria - Bass	Xqcxyt99lDM
Haydn - Missa Brevis - Gloria - Tenor	FhXTC7ohmq4
Haydn - Missa Brevis - Gloria - Alto	6IT-NlfIEFI
Haydn - Missa Brevis - Gloria - Soprano	sMktll2gVEs
Haydn - Missa Brevis - Kyrie - SATB	UqYmDMagwuk
Haydn - Missa Brevis - Kyrie - Bass	sQJIMTVfqCQ
Haydn - Missa Brevis - Kyrie - Tenor	dcCnw4XGarE
Haydn - Missa Brevis - Kyrie - Alto	FrPOdnP2JdA
Haydn - Missa Brevis - Kyrie - Soprano	VcTxEcwgDt0
Mozart - Coronation Mass - Credo - SATB	UQYkGhP0Scc
Mozart - Coronation Mass - Credo - Bass	Zh22sWrtI-I
Mozart - Coronation Mass - Credo - Tenor	WYILbMxEIfQ
Mozart - Coronation Mass - Credo - Alto	lbd74vmQtq8
Mozart - Coronation Mass - Credo - Soprano	KdYqT635opE
Mozart - Coronation Mass - Agnus Dei - SATB	F0YLAIautgs
Mozart - Coronation Mass - Agnus Dei - Bass	GXoJ1zmupGg
Mozart - Coronation Mass - Agnus Dei - Tenor	GJ-hyB-uZCw
Mozart - Coronation Mass - Agnus Dei - Alto	za0j3nKu9bc
Mozart - Coronation Mass - Agnus Dei - Soprano	1ZAXpTh9Crc
Mozart - Coronation Mass - Benedictus - SATB	Zp9ySl_p5_o
Mozart - Coronation Mass - Benedictus - Bass	PnLuG-NCvas
Mozart - Coronation Mass - Benedictus - Tenor	CZhzkC2CV1M
Mozart - Coronation Mass - Benedictus - Alto	pu1-30WRSsw
Mozart - Coronation Mass - Benedictus - Soprano	--QU3uAksIE
Mozart - Coronation Mass - Sanctus - SATB	2OxcklMbRPM
Mozart - Coronation Mass - Sanctus - Bass	sZ06FsHOoO8
Mozart - Coronation Mass - Sanctus - Tenor	kggTndfrTx0
Mozart - Coronation Mass - Sanctus - Alto	QimDZFlcWBA
Mozart - Coronation Mass - Sanctus - Soprano	2wi76X-uo9I
Mozart - Coronation Mass - Gloria - SATB	xOQOlpY1RcQ
Mozart - Coronation Mass - Gloria - Bass	rqIzqMZoc6I
Mozart - Coronation Mass - Gloria - Tenor	Qr7bx3trym0
Mozart - Coronation Mass - Gloria - Alto	2HgcFuUu5uQ
Mozart - Coronation Mass - Gloria - Soprano	9T3XeKq6mjk
Mozart - Coronation Mass - Kyrie - SATB	F4EozSAWh9I
Mozart - Coronation Mass - Kyrie - Bass	8j-PSqAm7SM
Mozart - Coronation Mass - Kyrie - Tenor	G5YITDNA0Ao
Mozart - Coronation Mass - Kyrie - Alto	8LLX8GV4cKg
Mozart - Coronation Mass - Kyrie - Soprano	V3swYcp9UzE
Handel - Messiah - 53(b) Amen - SATB	G3puJZ7jN4Y
Handel - Messiah - 53(b) Amen - Bass	474WQiLLN8U
Handel - Messiah - 53(b) Amen - Tenor	5FUeYsip6EU
Handel - Messiah - 53(b) Amen - Alto	FCFLitWF7b4
Handel - Messiah - 53(b) Amen - Soprano	pHk63mMCKVs
Handel - Messiah - 53(a) Worthy Is The Lamb - SATB	zcYmUzmvxQg
Handel - Messiah - 53(a) Worthy Is The Lamb - Bass	3sKeH8uBCiY
Handel - Messiah - 53(a) Worthy Is The Lamb - Tenor	sSqVX4hCwa0
Handel - Messiah - 53(a) Worthy Is The Lamb - Alto	00OjHG5UVOQ
Handel - Messiah - 53(a) Worthy Is The Lamb - Soprano	PNfiqpvTYk4
Handel - Messiah - 46 Since By Man - SATB	2AShxiBXgD8
Handel - Messiah - 46 Since By Man - Bass	fLDEOopMth8
Handel - Messiah - 46 Since By Man - Tenor	fPrOpXYL8zM
Handel - Messiah - 46 Since By Man - Alto	h3ISRDsmJaw
Handel - Messiah - 46 Since By Man - Soprano	nUF9WY-TM0Q
Handel - Messiah - 41 Let Us Break Their Bonds - SATB	P7SEkaPz9ZQ
Handel - Messiah - 41 Let Us Break Their Bonds - Bass	uZwu-S572ZE
Handel - Messiah - 41 Let Us Break Their Bonds - Tenor	ryH10SVOG0g
Handel - Messiah - 41 Let Us Break Their Bonds - Alto	pQ_YnSpf9vo
Handel - Messiah - 41 Let Us Break Their Bonds - Soprano	mnOAKci1ztI
Handel - Messiah - 37 The Lord Gave The Word - SATB	f9N0VNMvzwo
Handel - Messiah - 37 The Lord Gave The Word - Bass	1T5TpW9t1NY
Handel - Messiah - 37 The Lord Gave The Word - Tenor	m4JI8rSSChA
Handel - Messiah - 37 The Lord Gave The Word - Alto	W7j068LkWJc
Handel - Messiah - 37 The Lord Gave The Word - Soprano	N6RjQEoOWUY
Handel - Messiah - 35 Let All The Angels - SATB	1GQsyvDbxtU
Handel - Messiah - 35 Let All The Angels - Bass	omHEAMCbHBs
Handel - Messiah - 35 Let All The Angels - Tenor	k0QVDfyHxCw
Handel - Messiah - 35 Let All The Angels - Alto	Of7q_6PzY4g
Handel - Messiah - 35 Let All The Angels - Soprano	p4VfeSHl3W4
Handel - Messiah - 33 Lift Up Your Heads - SATB	zKLr1DgSTek
Handel - Messiah - 33 Lift Up Your Heads - Bass	xcBV0o2d58Y
Handel - Messiah - 33 Lift Up Your Heads - Tenor	e6Zvz2uVplg
Handel - Messiah - 33 Lift Up Your Heads - Alto	_PxqnL5W9PE
Handel - Messiah - 33 Lift Up Your Heads - Soprano2	PSAixAaFgVk
Handel - Messiah - 33 Lift Up Your Heads - Soprano1	-3rKJpxtGdI
Handel - Messiah - 28 He Trusted In God - SATB	Ypr_A4B_SXU
Handel - Messiah - 28 He Trusted In God - Bass	eWNiI3dBpvs
Handel - Messiah - 28 He Trusted In God - Tenor	2EXEbbLzJHY
Handel - Messiah - 28 He Trusted In God - Alto	uDcioSfwLBE
Handel - Messiah - 28 He Trusted In God - Soprano	vbVFIrn73xY
Handel - Messiah - 26 All We Like Sheep - SATB	GqlpzNQPoYs
Handel - Messiah - 26 All We Like Sheep - Bass	FhSrF8rt7Ik
Handel - Messiah - 26 All We Like Sheep - Tenor	zSnFtf68e7A
Handel - Messiah - 26 All We Like Sheep - Alto	ydJZDePofAM
Handel - Messiah - 26 All We Like Sheep - Soprano	2fbYEvQgbk0
Handel - Messiah - 25 And With His Stripes - SATB	PzyKR-pjxMM
Handel - Messiah - 25 And With His Stripes - Bass	y0WBg6eALh4
Handel - Messiah - 25 And With His Stripes - Tenor	MVLIOosmfGE
Handel - Messiah - 25 And With His Stripes - Alto	l5OHq5JQSsA
Handel - Messiah - 25 And With His Stripes - Soprano	IpC-MzsEGBk
Handel - Messiah - 24 Surely He Hath Borne - SATB	qhVfbMWnWsg
Handel - Messiah - 24 Surely He Hath Borne - Bass	Y_CjuGzGzbs
Handel - Messiah - 24 Surely He Hath Borne - Tenor	4mQ1pTc_k2k
Handel - Messiah - 24 Surely He Hath Borne - Alto	UueJ9n-3XnM
Handel - Messiah - 24 Surely He Hath Borne - Soprano	DRaFCBesSvc
Handel - Messiah - 22 Behold The Lamb - SATB	PnTPWGUfTz4
Handel - Messiah - 22 Behold The Lamb - Bass	33X_zLAb_5k
Handel - Messiah - 22 Behold The Lamb - Tenor	gle-G3AdE6k
Handel - Messiah - 22 Behold The Lamb - Alto	htp5KRUFlDE
Handel - Messiah - 22 Behold The Lamb - Soprano	HlZY8R3xYl4
Handel - Messiah - 21 His Yoke Is Easy - SATB	rkg4Yjtuz0E
Handel - Messiah - 21 His Yoke Is Easy - Bass	wjSB0i80BZk
Handel - Messiah - 21 His Yoke Is Easy - Tenor	9S8kexfQS0g
Handel - Messiah - 21 His Yoke Is Easy - Alto	SNwjfsNttIQ
Handel - Messiah - 21 His Yoke Is Easy - Soprano	zp5mA09Q-_I
Handel - Messiah - 17 Glory To God - SATB	u9kauY_yzgg
Handel - Messiah - 17 Glory To God - Bass	q-TzK4Fdk-0
Handel - Messiah - 17 Glory To God - Tenor	zePOz87aBLw
Handel - Messiah - 17 Glory To God - Alto	-NMj_nlJjAg
Handel - Messiah - 17 Glory To God - Soprano	1djDbBuXQ6g
Handel - Messiah - 12 For Unto Us A Child - SATB	HjKD3z23MXs
Handel - Messiah - 12 For Unto Us A Child - Bass	YcDquGlMSrY
Handel - Messiah - 12 For Unto Us A Child - Tenor	t5NPfPiwRRg
Handel - Messiah - 12 For Unto Us A Child - Alto	7w0wGd7wotk
Handel - Messiah - 12 For Unto Us A Child - Soprano	5grbqD-C7xE
Handel - Messiah - 09 O Thou That Tellest - SATB	_M1FrbAKZio
Handel - Messiah - 09 O Thou That Tellest - Bass	5L0mkpcwmMQ
Handel - Messiah - 09 O Thou That Tellest - Tenor	_N8eJ2Ap6qs
Handel - Messiah - 09 O Thou That Tellest - Alto	KNeK_THm0-I
Handel - Messiah - 09 O Thou That Tellest - Soprano	UHMKfUYB4dI
Handel - Messiah - 07 And he shall purify - SATB	LVMi1gxMhiE
Handel - Messiah - 07 And he shall purify - Bass	sx0WnnHvjPU
Handel - Messiah - 07 And he shall purify - Tenor	vqFv_gI669w
Handel - Messiah - 07 And he shall purify - Alto	D2WQQxYgMqY
Handel - Messiah - 07 And he shall purify - Soprano	e6dOS-6SNVw
Handel - Messiah - 04 And the glory - SATB	1li7tBLO_OI
Handel - Messiah - 04 And the glory - Bass	t64iWOL1CKM
Handel - Messiah - 04 And the glory - Tenor	Wlg8hqTo7YA
Handel - Messiah - 04 And the glory - Alto	zWhGCgpDUKw
Handel - Messiah - 04 And the glory - Soprano	UXfma6i49Qg
Mozart - Spatzen-Messe - Benedictus - SATB	1kDekHq_WME
Mozart - Spatzen-Messe - Benedictus - Bass	ebAJ5zWKwCE
Mozart - Spatzen-Messe - Benedictus - Tenor	CtE3msqNi8Y
Mozart - Spatzen-Messe - Benedictus - Alto	K53KaGyfYkc
Mozart - Spatzen-Messe - Benedictus - Soprano	-d8OY4ADCrc
Mozart - Spatzen-Messe - Sanctus - SATB	YQbEpB5sRnA
Mozart - Spatzen-Messe - Sanctus - Bass	sq3u5po9Zuk
Mozart - Spatzen-Messe - Sanctus - Tenor	v-eX1XuNCnY
Mozart - Spatzen-Messe - Sanctus - Alto	UPJprcyW4OU
Mozart - Spatzen-Messe - Sanctus - Soprano	un807W2qDCo
Mozart - Spatzen-Messe - Gloria - SATB	0rb5MMfTlEM
Mozart - Spatzen-Messe - Gloria - Bass	o0QIjHwL_fk
Mozart - Spatzen-Messe - Gloria - Tenor	rkvcEGMRkXk
Mozart - Spatzen-Messe - Gloria - Alto	3fJBLM14wWc
Mozart - Spatzen-Messe - Gloria - Soprano	WOJQo9Jn2Pw
Mozart - Spatzen-Messe - Agnus Dei - SATB	yzECr4UDSmk
Mozart - Spatzen-Messe - Agnus Dei - Bass	iuCHWRtSeZI
Mozart - Spatzen-Messe - Agnus Dei - Tenor	hlRhpEILyy0
Mozart - Spatzen-Messe - Agnus Dei - Alto	HyLHlMweECQ
Mozart - Spatzen-Messe - Agnus Dei - Soprano	PmEO-jd0bSw
Mozart - Spatzen-Messe - Kyrie - SATB	UbJJevFAWCU
Mozart - Spatzen-Messe - Kyrie - Bass	5vsUd7q7Zxk
Mozart - Spatzen-Messe - Kyrie - Tenor	5CDPahGahMk
Mozart - Spatzen-Messe - Kyrie - Alto	oaCxFmtY0zA
Mozart - Spatzen-Messe - Kyrie - Soprano	uc_sfsNoFGY
Mozart - Ave Verum Corpus - SATB	C9WRAAq4Gvc
Mozart - Ave Verum Corpus - Bass	U1vUBQrwCkM
Mozart - Ave Verum Corpus - Tenor	UjOyXlKrAD4
Mozart - Ave Verum Corpus - Alto	tgEJRuN44v0
Mozart - Ave Verum Corpus - Soprano	-c-StWiNy6M
O Thou the central orb - SATB	54etkxnU4Sg
O Thou the central orb - Bass	3TvrH6FMXLg
O Thou the central orb - Tenor	Ou_RzfZbS2I
O Thou the central orb - Alto	zEEGFuDuKv0
O Thou the central orb - Soprano	EQmh_3dVzvM
Rutter - Candlelight Carol - SATB	VEwcMehv0aQ
Rutter - Candlelight Carol - Bass2	D4HhhWcnXuE
Rutter - Candlelight Carol - Bass1	iNZhpDLYCKU
Rutter - Candlelight Carol - Tenor	BdcWC2QSjdk
Rutter - Candlelight Carol - Alto	xKKEHiP8Ats
Rutter - Candlelight Carol - Soprano	sQaSWdsGR4s
Rutter - Angels Carol - SATB	iDmCbomOJiE
Rutter - Angels Carol - Bass2	VCyWXVw0-WM
Rutter - Angels Carol - Bass1	h-mx47c3Pyk
Rutter - Angels Carol - Tenor	p9ad1NmN2Uk
Rutter - Angels Carol - Alto	usKoT_MI888
Rutter - Angels Carol - Soprano2	ZO2kdsLJ-4Y
Rutter - Angels Carol - Soprano1	wajYtcVAr3o
Rutter - Nativity Carol - SATB	bWBIGEPmnDY
Rutter - Nativity Carol - Bass	TGlW_wC1nnU
Rutter - Nativity Carol - Tenor	FPMyhzvpKsU
Rutter - Nativity Carol - Alto	HF-6b0gAKTw
Rutter - Nativity Carol - Soprano	nt0K6MreJok
O Little Town of Bethlehem - SATB	6CnfoApakiU
O Little Town of Bethlehem - Bass	Ha2aX2arnbk
O Little Town of Bethlehem - Tenor	7S6RViWIM5M
O Little Town of Bethlehem - Alto	aj7DokgkeQE
O Little Town of Bethlehem - Soprano	7_q8Y-oW18I
Adam - O Holy Night - SATB	m5ou72QPuRQ
Adam - O Holy Night - Bass2	G2Fwqd-qbCw
Adam - O Holy Night - Bass1	92zIySH2Tbw
Adam - O Holy Night - Tenor	PNKFor29s6U
Adam - O Holy Night - Alto	fHKw7qU_aOY
Adam - O Holy Night - Soprano2	IduzTyJkxNQ
Adam - O Holy Night - Soprano1	zTxLUSu0jZA
Tomorrow shall be my dancing day - SATB	kYl2ULMWBFc
Tomorrow shall be my dancing day - Bass	UL9Q2f_jJ2I
Tomorrow shall be my dancing day - Tenor	xH7LssGiiJU
Tomorrow shall be my dancing day - Alto	b9YVq8bqQTY
Tomorrow shall be my dancing day - Soprano	7b8j7xEMP8s
John Rutter - Christmas Lullaby - SATB	b-fYaEhCQqc
John Rutter - Christmas Lullaby - Bass	_YtuGtjk1I0
John Rutter - Christmas Lullaby - Tenor	DAkioqgIj2w
John Rutter - Christmas Lullaby - Alto	Y76yhqAawvU
John Rutter - Christmas Lullaby - Soprano2	IuPulhPoQrc
John Rutter - Christmas Lullaby - Soprano1	F89FSL3KrdU
T.L.Victoria Misa Quarti Toni - Gloria - SATB	FBysTy_NgiM
T.L.Victoria Misa Quarti Toni - Gloria - Bass	CG-MYMH0PQ4
T.L.Victoria Misa Quarti Toni - Gloria - Tenor	MB291q6VCCs
T.L.Victoria Misa Quarti Toni - Gloria - Alto	5MyFebkp_ww
T.L.Victoria Misa Quarti Toni - Gloria - Soprano	ErxxPHI6YIA
T.L.Victoria Misa Quarti Toni - Kyrie - SATB	f2RT6zavU-8
T.L.Victoria Misa Quarti Toni - Kyrie - Bass	2_RG2BjulN4
T.L.Victoria Misa Quarti Toni - Kyrie - Tenor	1dny5ATzBm8
T.L.Victoria Misa Quarti Toni - Kyrie - Alto	XneaV5hiu4A
T.L.Victoria Misa Quarti Toni - Kyrie - Soprano	jR6LCW5GzvM
Charpentier Messe de Minuit - Agnus Dei - SATB	hA5kWkbm_2k
Charpentier Messe de Minuit - Agnus Dei - Bass	WwNYGj5MR7g
Charpentier Messe de Minuit - Agnus Dei - Tenor	fZh2dW3ZUJA
Charpentier Messe de Minuit - Agnus Dei - Alto	m6BMvVGY1b8
Charpentier Messe de Minuit - Agnus Dei - Soprano	i_lBdyzElRw
Charpentier Messe de Minuit - Sanctus Benedictus - SATB	Tof33TGkYaw
Charpentier Messe de Minuit - Sanctus Benedictus - Bass	1phrD7JSYaQ
Charpentier Messe de Minuit - Sanctus Benedictus - Tenor	sqfzNYcBG4Y
Charpentier Messe de Minuit - Sanctus Benedictus - Alto	zwLM9r1fynM
Charpentier Messe de Minuit - Sanctus Benedictus - Soprano	S4Ba4a_-Zgg
Charpentier Messe de Minuit - Gloria - SATB	n6Ne_bw69JM
Charpentier Messe de Minuit - Gloria - Bass	rmf1PII7HRM
Charpentier Messe de Minuit - Gloria - Tenor2	5EXdP51uHaQ
Charpentier Messe de Minuit - Gloria - Tenor1	aypO-COMi1Q
Charpentier Messe de Minuit - Gloria - Alto	w7OXFmT1fP4
Charpentier Messe de Minuit - Gloria - Soprano2	fWCyiJKr254
Charpentier Messe de Minuit - Gloria - Soprano1	4a0kcBSpH2g
Charpentier Messe de Minuit - Kyrie - SATB	cKFWhs8maA0
Charpentier Messe de Minuit - Kyrie - Bass	fnbDFgQ4Dm4
Charpentier Messe de Minuit - Kyrie - Tenor	1OCTejDJbcQ
Charpentier Messe de Minuit - Kyrie - Alto	JBg1wYqX9QI
Charpentier Messe de Minuit - Kyrie - Soprano	iUPc8DdM7C4
Mendelssohn - Heilig - SATB	V1FCHbbcJdM
Mendelssohn - Heilig - Bass2	nRWyIVJjz14
Mendelssohn - Heilig - Tenor2	tE6f-iV_CE0
Mendelssohn - Heilig - Alto2	po10kUNvglc
Mendelssohn - Heilig - Soprano2	02choFSR31w
Mendelssohn - Heilig - Bass1	etKFDlLNyrM
Mendelssohn - Heilig - Tenor1	0cS9aoVzwUU
Mendelssohn - Heilig - Alto1	Bde64DCv3Zc
Mendelssohn - Heilig - Soprano1	2hBsfvUSIeo
Lotti Simple Mass - Agnus Dei - SATB	bHHT2Ke_0gg
Lotti Simple Mass - Agnus Dei - Bass	GlTM-wQXjLM
Lotti Simple Mass - Agnus Dei - Tenor	HDh-zdMs1ZE
Lotti Simple Mass - Agnus Dei - Alto	qfjeeQ0pwUs
Lotti Simple Mass - Agnus Dei - Soprano	I2gOzKH8BS0
Lotti Simple Mass - Benedictus - SATB	OKjUHgdJaew
Lotti Simple Mass - Benedictus - Bass	sS8zFomGMV8
Lotti Simple Mass - Benedictus - Tenor	NeO2q2LW4xE
Lotti Simple Mass - Benedictus - Alto	fyuDKOnpog0
Lotti Simple Mass - Benedictus - Soprano	NzMUA1hhT_0
Lotti Simple Mass - Sanctus - SATB	O4FFrhe0eS0
Lotti Simple Mass - Sanctus - Bass	I_yRrRa1LGs
Lotti Simple Mass - Sanctus - Tenor	8uE2vVXHCno
Lotti Simple Mass - Sanctus - Alto	hMZtSKc_ZUg
Lotti Simple Mass - Sanctus - Soprano	gI3iB43v2H8
Lotti Simple Mass - Gloria - SATB	wKvELapAdw4
Lotti Simple Mass - Gloria - Bass	dJXDmcfKaZ4
Lotti Simple Mass - Gloria - Tenor	QCc4WrSc38w
Lotti Simple Mass - Gloria - Alto	t__0Zc02UJk
Lotti Simple Mass - Gloria - Soprano	1u3zB3yFduY
Lotti Simple Mass - Kyrie - SATB	gsBWJPKiROU
Lotti Simple Mass - Kyrie - Bass	fPbqlf8jGFk
Lotti Simple Mass - Kyrie - Tenor	64X5R03EHQY
Lotti Simple Mass - Kyrie - Alto	CEjJf8fiCnI
Lotti Simple Mass - Kyrie - Soprano	hQotisnCzpE
Victoria Jesu Dulcis Memoria - SATB	eeqfyg43sQQ
Victoria Jesu Dulcis Memoria - Bass	oDGT7bXRa10
Victoria Jesu Dulcis Memoria - Tenor	HZABi1Uv8z0
Victoria Jesu Dulcis Memoria - Alto	IgTwya2gL8A
Victoria Jesu Dulcis Memoria - Soprano	od_j519E9CY
Howells A Spotless Rose - SATB	T3Xu9dgulA4
Howells A Spotless Rose - Bass	PRbVz9HAL2Q
Howells A Spotless Rose - Tenor2	HaAEhPd-1LY
Howells A Spotless Rose - Tenor1	oM997ZjyOp4
Howells A Spotless Rose - Alto2	CB3N2uHHHrk
Howells A Spotless Rose - Alto1	mi4FMr80BUw
Howells A Spotless Rose - Soprano2	s_FGfYFe8Yk
Howells A Spotless Rose - Soprano1	AfvK2OYWMGU
Brahms How lovely are Thy dwellings - SATB	oYCHEPWrCHU
Brahms How lovely are Thy dwellings - Bass	CZm5csA1HCg
Brahms How lovely are Thy dwellings - Tenor	imCbU4X3wxc
Brahms How lovely are Thy dwellings - Alto	1DJVEdoO66s
Brahms How lovely are Thy dwellings - Soprano	2dHvHiGI8O8
Haydn The heavens are telling - SATB	R1CjQ4AubjE
Haydn The heavens are telling - Bass	ZZzJg91Na9M
Haydn The heavens are telling - Tenor	aBUFoior0QI
Haydn The heavens are telling - Alto	JFaBnMDtDTU
Haydn The heavens are telling - Soprano	HIz74jBhgEI
Lord, let me know mine end - SATB	q7URTVXboXY
Lord, let me know mine end - Bass	t70rPaOOf3o
Lord, let me know mine end - Tenor	MT6Zjv3EAuk
Lord, let me know mine end - Alto	76luzWTwEzo
Lord, let me know mine end - Soprano	HBB43xxxpEU
Faure Requiem - Libera Me - SATB	scOExx09ogc
Faure Requiem - Libera Me - Bass2	OOXMUW25Xgc
Faure Requiem - Libera Me - Bass1	jCjc_s8wr-w
Faure Requiem - Libera Me - Tenor2	syXofrEzYd8
Faure Requiem - Libera Me - Tenor1	d-HWcg90hBg
Faure Requiem - Libera Me - Alto	9XNP5392CSA
Faure Requiem - Libera Me - Soprano	fsFbx6jx0Qs
Faure Requiem - Agnus Dei - SATB	ZYC4KSOqIKw
Faure Requiem - Agnus Dei - Bass2	wtAIziL_U-M
Faure Requiem - Agnus Dei - Bass1	qK4eCnYtaGE
Faure Requiem - Agnus Dei - Tenor2	odGSa9H381Y
Faure Requiem - Agnus Dei - Tenor1	Y1nBHLfCJZ0
Faure Requiem - Agnus Dei - Alto	-BFAamcy47A
Faure Requiem - Agnus Dei - Soprano	8VG_ehTaRI0
Faure Requiem - Sanctus - SATB	5o7dB2fe1MA
Faure Requiem - Sanctus - Bass2	GaWJdDndFGo
Faure Requiem - Sanctus - Bass1	7cU6uMgV9As
Faure Requiem - Sanctus - Tenor2	hjD4pheX-XI
Faure Requiem - Sanctus - Tenor1	gEOg4mN8rrw
Faure Requiem - Sanctus - Alto	UGNDmVx9fU8
Faure Requiem - Sanctus - Soprano	mYpEe32Q0pY
Faure Requiem - Offertoire - SATB	wavpB74ZsQc
Faure Requiem - Offertoire - Bass2	YZgk8HOG8mg
Faure Requiem - Offertoire - Bass1	DzZ6Hg9df1w
Faure Requiem - Offertoire - Tenor2	MDyrl7PDgVI
Faure Requiem - Offertoire - Tenor1	ipBSBhqak8Q
Faure Requiem - Offertoire - Alto	bOjQTbS5z6A
Faure Requiem - Offertoire - Soprano	38jgl-HTwrw
Faure Requiem - Introit et Kyrie - SATB	ILfp5lzkZ9w
Faure Requiem - Introit et Kyrie - Bass2	SBiS8HKAVrk
Faure Requiem - Introit et Kyrie - Bass1	DdhSA5fUVBA
Faure Requiem - Introit et Kyrie - Tenor2	O_91_UPr9JQ
Faure Requiem - Introit et Kyrie - Tenor1	f0gb15a-3RQ
Faure Requiem - Introit et Kyrie - Alto	RC19fQ2Vkzw
Faure Requiem - Introit et Kyrie - Soprano	CSnGRnG-P5s
Faure Requiem - In Paradisum - SATB	KR-HMZvC0qE
Faure Requiem - In Paradisum - Bass2	vuejcm-P-I0
Faure Requiem - In Paradisum - Bass1	XUB9wUUlbBc
Faure Requiem - In Paradisum - Tenor2	NWKA-fcGWC4
Faure Requiem - In Paradisum - Tenor1	jZJmiTG5f8Y
Faure Requiem - In Paradisum - Alto	NcA1TpQ8YkI
Faure Requiem - In Paradisum - Soprano	VO_0oBRMwCQ
Cantique de Jean Racine - SATB	d7VlUYi81_E
Cantique de Jean Racine - Bass	Msz72vBFUu0
Cantique de Jean Racine - Tenor	VMIuFLquoMA
Cantique de Jean Racine - Alto	Xnm7Lk96Jos
Cantique de Jean Racine - Soprano	t9RYcF11yss
Byrd - Mass for 3 voices - Agnus Dei - SATB	aCze6Jte6T4
Byrd - Mass for 3 voices - Agnus Dei - Bass	EVrDM3G8Hjk
Byrd - Mass for 3 voices - Agnus Dei - Tenor	IXnA1urJDxY
Byrd - Mass for 3 voices - Agnus Dei - Alto	h5qaTN3ffEU
Byrd - Mass for 3 voices - Benedictus - SATB	Ja_bnM7nz2A
Byrd - Mass for 3 voices - Benedictus - Bass	_kz9mnfkkvI
Byrd - Mass for 3 voices - Benedictus - Tenor	QNgmRoWGHYg
Byrd - Mass for 3 voices - Benedictus - Alto	sbW_QoFksBc
Byrd - Mass for 3 voices - Sanctus - SATB	djQBpIqKflU
Byrd - Mass for 3 voices - Sanctus - Bass	EkgGcxxXdtk
Byrd - Mass for 3 voices - Sanctus - Tenor	XDdJdm2esY4
Byrd - Mass for 3 voices - Sanctus - Alto	zc9XVuINEdA
Byrd - Mass for 3 voices - Gloria - SATB	N0cbTAjlxXE
Byrd - Mass for 3 voices - Gloria - Bass	p80kzU7AJ6Q
Byrd - Mass for 3 voices - Gloria - Tenor	QGKV2RYSjK8
Byrd - Mass for 3 voices - Gloria - Alto	HQ9FuBzttb4
Byrd - Mass for 3 voices - Kyrie - SATB	3NorLEE4Izc
Byrd - Mass for 3 voices - Kyrie - Bass	EorsO3uxtZ0
Byrd - Mass for 3 voices - Kyrie - Tenor	vVXfmzI9CRk
Byrd - Mass for 3 voices - Kyrie - Alto	5PijL3gPAuA
Locus Iste - SATB	GG94p2eZ8Z4
Locus Iste - Bass	zgL0ho-Ke5w
Locus Iste - Tenor	5mYh3M7kLbI
Locus Iste - Alto	_XOH1He5M5s
Locus Iste - Soprano	FPZ_pqaB5Gc
Beati Quorum Via - SATB	1g_fRxQgBYc
Beati Quorum Via - Bass2	eRSPdVTYhUk
Beati Quorum Via - Bass1	8fIgOfIt_AM
Beati Quorum Via - Tenor	TUcgPK6M5bw
Beati Quorum Via - Alto	DceXaf8pfPM
Beati Quorum Via - Soprano2	VVhkv1QaPzc
Beati Quorum Via - Soprano1	jkk1EEQJk90
O Haupt Voll Blut - SATB	dA9M5BiYOJQ
O Haupt Voll Blut - Bass	GGYIuj5QQ-I
O Haupt Voll Blut - Tenor	hCpW0hxOgs8
O Haupt Voll Blut - Alto	5-ZVtIYy5C8
O Haupt Voll Blut - Soprano	kkIH-YfMP38
The strife is o'er - SATB	KBONHlh-O6c
The strife is o'er - Bass	g8BxzZxc_cM
The strife is o'er - Tenor	ZACB8OVj080
The strife is o'er - Alto	RXYU2guH48k
The strife is o'er - Soprano	u--9bZLQ4Yc
The truth from above - SATB	V0k0qeSA1es
The truth from above - Bass	wj2zKpxor2k
The truth from above - Tenor	Abgu2-ynSng
The truth from above - Alto	C_f52TUP24s
The truth from above - Soprano	MdbJW5rmFaw
Sicut Cervus - SATB	ZKnXZUfy46Y
Sicut Cervus - Bass	gf31RBNpw-c
Sicut Cervus - Tenor	XyysOHVCHHc
Sicut Cervus - Alto	FnFiKWQxrV0
Sicut Cervus - Soprano	DvXxNwa-RSE
A Great and Mighty Wonder - SATB	vw-6cxg0E9k
A Great and Mighty Wonder - Bass	3r5z1Zsao4U
A Great and Mighty Wonder - Tenor	U1dejpQokOI
A Great and Mighty Wonder - Alto	EYtIOrVrYHk
A Great and Mighty Wonder - Soprano	-13VEdwEC5c
There Shall A Star From Jacob Come Forth - SATB	8a_28xMDEL8
There Shall A Star From Jacob Come Forth - Bass2	5wV4FE3cNXQ
There Shall A Star From Jacob Come Forth - Bass1	tSeMj1C87Vw
There Shall A Star From Jacob Come Forth - Tenor	jJSOJhA7m1I
There Shall A Star From Jacob Come Forth - Alto	QizkVgj2nWw
There Shall A Star From Jacob Come Forth - Soprano	fyPVinA45Yw
The angel Gabriel from heaven came - SATB	SRJpfLNPB7U
The angel Gabriel from heaven came - Bass	IXiCFwoNAnI
The angel Gabriel from heaven came - Tenor	0gRq6UkRw2Y
The angel Gabriel from heaven came - Alto	iGf11bdlorQ
The angel Gabriel from heaven came - Soprano	m--fExKcA9M
Once In Royal Davids City - SATB	pkIomMofOZA
Once In Royal Davids City - Bass	uoOBkoq33qU
Once In Royal Davids City - Tenor	hEU9Sj6bdbk
Once In Royal Davids City - Alto	IurebdjOwGI
Once In Royal Davids City - Soprano	BLl8HHa0mPo
Angels From The Realms Of Glory - SATB	mM8J0AONXZw
Angels From The Realms Of Glory - Bass	MrPn5nDKI8g
Angels From The Realms Of Glory - Tenor	z99Y-489w-4
Angels From The Realms Of Glory - Alto	zu0TJDuQ9v0
Angels From The Realms Of Glory - Soprano2	Jgz2nPCB8RM
Angels From The Realms Of Glory - Soprano1	ZxLMAfNyowg
The First Nowell - SATB	kkcaRGh68So
The First Nowell - Bass	3nfcJuww7qU
The First Nowell - Tenor	H6wonGwwwrA
The First Nowell - Alto	mDiVSu4rmZ4
The First Nowell - Soprano	Jh8YYLdArYM
Away In A Manger - SATB	p01MddEbDOA
Away In A Manger - Bass	DEk6pn0KPg8
Away In A Manger - Tenor	KnjhxyjDM14
Away In A Manger - Alto	bGWZUWKe9Oo
Away In A Manger - Soprano	Q3lg33FCyuA
Hark! The Herald Angels Sing - SATB	qabtph9zBpQ
Hark! The Herald Angels Sing - Bass	wfxKjF6YEno
Hark! The Herald Angels Sing - Tenor	2OiPBI4_Um4
Hark! The Herald Angels Sing - Alto	0RpHhlLJqD4
Hark! The Herald Angels Sing - Soprano	kDdbDkTSkwQ
Freu dich, Erd und Sternenzelt - SATB	Sh5F9WVJkKo
Freu dich, Erd und Sternenzelt - Bass	7cDA2sG5XhA
Freu dich, Erd und Sternenzelt - Tenor	kaVd5QeppJ8
Freu dich, Erd und Sternenzelt - Alto	Op41o635kfA
Freu dich, Erd und Sternenzelt - Soprano	RyUZfVZn1ro
O Come All Ye Faithful - SATB	2QdipqmKm5o
O Come All Ye Faithful - Bass	FxXY51kdTVA
O Come All Ye Faithful - Tenor	4WhoKNeoRtE
O Come All Ye Faithful - Alto	2b_KlYewyNI
O Come All Ye Faithful - Soprano	vU7sZZCUrWc
Coventry Carol - SATB	H5MioPGKKLc
Coventry Carol - Bass	u24UkJQvAv4
Coventry Carol - Tenor	hSY38dvYQok
Coventry Carol - Alto	U_zWS8BqnEw
Coventry Carol - Soprano	9Gl25CVDMvo
Carol of the Bells - SATB	wwriKpoM5b0
Carol of the Bells - Bass	A746c8DfPsA
Carol of the Bells - Tenor	qkSNa02Z2WI
Carol of the Bells - Alto	DcVSW_T3Yqw
Carol of the Bells - Soprano	WxXhqgtCAmI
Jesu, Joy of Man's Desiring - SATB	tactNXGyMu4
Jesu, Joy of Man's Desiring - Bass	WoQnP4Cuwyg
Jesu, Joy of Man's Desiring - Tenor	nuoVxxDKIck
Jesu, Joy of Man's Desiring - Alto	gtWRWEd1N5k
Jesu, Joy of Man's Desiring - Soprano	DwpoErtsw8w
